26/4/24,15:30:46,Atom,Staff,00016,1
26/4/24,15:30:46,Atom,Staff,00017,1
26/4/24,15:30:46,Atom,Staff,00018,1
26/4/24,15:30:46,Atom,Staff,00019,1
26/4/24,15:30:46,Atom,Staff,00020,1
26/4/24,15:30:46,Atom,Staff,00021,1
26/4/24,15:30:46,Atom,Staff,00022,1
26/4/24,15:30:46,Atom,Staff,00023,1
26/4/24,15:30:46,Atom,Staff,00024,1
26/4/24,15:30:46,Atom,Staff,00025,1
26/4/24,15:30:46,Atom,Staff,00026,1
26/4/24,15:30:46,Atom,Staff,00027,1
26/4/24,15:30:46,Atom,Staff,00028,1
26/4/24,15:30:46,Atom,Staff,00029,1
26/4/24,15:30:46,Atom,Staff,00030,1
26/4/24,15:30:46,Atom,Staff,00031,1
26/4/24,15:30:46,Atom,Staff,00032,1
26/4/24,15:30:46,Atom,Staff,00033,1
26/4/24,15:30:46,Atom,Staff,00034,1
26/4/24,15:30:46,Atom,Staff,00035,1
26/4/24,15:30:46,Atom,Staff,00036,1
26/4/24,15:30:46,Atom,Staff,00037,1
26/4/24,15:32:03,Khun,Staff,37,2
26/4/24,15:32:03,Khun,Staff,38,2
26/4/24,15:32:03,Khun,Staff,39,2
